mean_grey,area_ratio,vgg_0,vgg_1,vgg_2,target
1.3506947510416372,6.257916597480258e-05,1.0,2.0,3.0,1
1.3506947510416372,6.257916597480258e-05,-1.0,2.0,3.0,0
